Month,ComputeCost,StorageCost,DatabaseCost,NetworkCost,MonitoringCost,TotalCost
2023-01-01,467.015280310405,217.71056380320957,349.43307260795166,158.23532755990206,73.14637231786631,1265.5406165993345
2023-01-02,560.2203838060597,178.59279174896693,207.17928207268582,175.01757274406992,117.80327780818479,1238.8133081799672
2023-01-03,326.39289882640344,188.58511230350226,325.5523183894212,149.94426126976856,96.73675529086543,1087.2113460799608
2023-01-04,696.9101471819545,286.99194916140874,231.08691974839766,84.99708373515796,131.39371691915704,1431.3798167460757
2023-01-05,512.7075069345551,105.26808392983213,269.3057493233174,135.20370066389384,98.01625885108572,1120.5012997026843
2023-01-06,625.2020988881974,241.34583662668757,257.0509049462184,198.08300862505882,80.87236927073423,1402.5542183568966
2023-01-07,363.2511305098257,155.6987554473485,335.8244098154304,205.60867327793335,83.2660588955587,1143.6490279460968
2023-01-08,403.13923069101935,104.05682620838854,279.08080203089673,127.6974749918737,95.69377838524726,1009.6681123074255
2023-01-09,579.1414829779272,208.5169339305554,371.783480847637,210.44368405143422,116.49179487889111,1486.3773766864451
2023-01-10,572.252710273646,298.2364765668284,255.24424243370495,174.0634920223441,77.03522096640027,1376.8321422629235
2023-01-11,628.9915702312637,255.25370586626806,348.89832840761164,121.75040042128268,100.72232770596061,1455.6163326323867
2023-01-12,479.433798564499,241.6020720960387,385.06710280756056,85.69778787401088,125.59680546492717,1317.3975668070364
2023-01-13,310.85295615269524,257.1453004108549,377.4132345567333,152.57497513648295,101.33177528114697,1199.3182415379133
2023-01-14,691.06630674904,258.0197210873789,392.1643282168344,194.53669305720246,86.07507219380471,1621.8621213042604
2023-01-15,536.9889946742971,249.98788929298505,251.01409869915665,150.90963675074462,109.50452639275724,1298.4051458099407
2023-01-16,546.6412226027411,159.40850471563232,203.218586202101,80.59372530979353,78.71732833729158,1068.5793671675597
2023-01-17,574.3412711954763,295.8996375788511,375.36939853132293,130.30312880812147,127.09046784980985,1503.0039039635817
2023-01-18,531.4986577647481,147.5511345388495,298.11549285680707,101.39728757389807,134.60448484329757,1213.1670575776002
2023-01-19,337.6697332109219,226.89680383258613,222.35117833080915,165.56641119626948,71.52390503991617,1024.0080316105027
2023-01-20,316.9146246657717,250.588186820622,204.96335342435387,212.7767737010301,139.06088153445813,1124.3038201462357
2023-01-21,487.19000225628025,230.51759307064725,385.35707181902114,109.39482579066194,131.08441021527568,1343.5439031518863
2023-01-22,481.53185335249583,240.7615218805861,264.66027917834657,82.51036389823854,115.3712761191434,1184.8352944288104
2023-01-23,461.36094549358484,133.1877730704167,278.9740023371943,93.14960116560934,116.60868573535838,1083.2810078021637
2023-01-24,571.6804831199228,251.91867583483,366.6491517938259,199.19931459906138,121.49406244288932,1510.9416877905294
2023-01-25,674.03023473039,247.3721892103131,271.545360189148,146.58686763307708,119.53011727132109,1459.0647690342494
2023-01-26,383.98529998476255,274.9083054278286,251.85440561379374,128.0871550372495,120.06642022020648,1158.9015862838407
2023-01-27,430.26460277084135,168.64224544581572,205.9119772171051,172.64934789500313,136.40393251848383,1113.872105847249
2023-01-28,519.577684787962,297.8188973121788,347.65638258678416,128.55871208837524,88.45663672517657,1382.0683135004767
2023-01-29,572.470490867399,119.71187700649477,337.7046116128077,92.87583501815882,77.40893548153394,1200.1717499863942
2023-01-30,536.9874041608917,243.93901242576626,234.16476707225632,201.29262238560264,73.0366092247463,1289.4204152692635
2023-01-31,589.454610027401,238.50093377476276,299.76608406080743,115.57653883996167,81.53776552125308,1324.8359322241859
2023-02-01,557.0558940938377,282.6675257280698,278.6492649643754,146.7473338477571,66.45241959660919,1331.5724382306491
2023-02-02,348.4183861730038,278.5633158778257,299.6631782253756,138.13574540805166,101.03766197640704,1165.8182876606636
2023-02-03,450.2593901586282,241.31627461530846,393.87302879183756,132.05328631057492,61.3961788413394,1278.8981587176886
2023-02-04,346.80736877898954,119.3134064258932,391.87403317162034,165.09611334617108,61.3682176059584,1084.4591393286325
2023-02-05,640.282068319849,139.37405871351595,240.3637607604633,93.05907764132274,105.43588994129105,1218.514855376442
2023-02-06,545.4484806364648,297.7125143099141,298.0489427048643,109.5387648899267,70.97509997298292,1321.7238025141528
2023-02-07,603.7983731253598,279.4410416022937,236.42958360859592,183.14824886776452,101.74311174508267,1404.5603589490966
2023-02-08,487.0931471712617,170.63873243384484,231.57005586296378,100.71710649750212,74.6138738055448,1064.632915771117
2023-02-09,339.61383616174504,209.38626772282117,242.1489121604099,214.40974324966083,98.03341157203872,1103.5921708666756
2023-02-10,630.2382841141923,192.10082754076655,300.1243084603105,176.12448499007292,137.2323657737985,1435.820270879141
2023-02-11,322.1275535488365,227.2487925360991,207.00179793971878,204.1839612216347,114.57057923588222,1075.1326844821713
2023-02-12,358.9927627491398,274.4204472748427,257.6561630134553,158.49938856901682,128.43158785999617,1178.0003494664506
2023-02-13,320.8801314363625,223.7567432124567,380.83662753436187,85.54682611121241,133.92594967369487,1144.9462779680885
2023-02-14,548.1184039667311,273.47837912466787,337.76915963042507,100.46051624928128,98.31555753876454,1358.1420165098698
2023-02-15,312.10712900352485,182.7697448757623,240.76030500108703,146.95156970222843,95.72894594935227,978.3176945319549
2023-02-16,336.2244954115424,158.92438574461298,303.08311926958237,151.79245275527126,96.99673634824128,1047.0211895292505
2023-02-17,554.0100548535318,129.13808495149513,210.81737118586656,116.70967420848405,70.18255950105684,1080.8577447004343
2023-02-18,586.4257891716843,247.94534816412076,378.23428649324336,97.00019926700935,96.83327860425749,1406.4389017003152
2023-02-19,510.0563908416915,163.46101838925887,371.44998479144203,89.14255575906049,117.38262757952266,1251.4925773609757
2023-02-20,639.238563685929,223.05562930179906,220.0541012419646,115.34071956224551,87.89953457273447,1285.5885483646725
2023-02-21,360.8727248737944,132.36589728176432,325.3165035235291,132.85268282208744,120.16836231836336,1071.5761708195387
2023-02-22,312.41234446991945,126.06430632659793,225.17792402739047,145.26429703635728,87.05915541422829,895.9780272744935
2023-02-23,377.2274049105615,164.458373282736,370.50000433878506,97.95323389220982,130.5996979504001,1140.7387143746926
2023-02-24,695.1438584457562,224.30393388359516,313.3986711511764,176.6067696427881,119.00753416856124,1528.4607672918771
2023-02-25,524.7170504565847,175.37027193240138,200.13985831011826,167.41362764338135,81.69995714925815,1149.340765491744
2023-02-26,642.2561279776895,227.3301148108646,238.7201168520317,115.62804261922172,136.14325733621968,1360.0776595960272
2023-02-27,410.20913935846437,292.9048091708826,397.15882246793115,150.69733563005667,100.99118818271648,1351.9612948100514
2023-02-28,677.4607020463031,207.32395985871614,348.1679945398373,162.3340654708515,61.33746810587027,1456.6241900215784
2023-03-01,390.705347592909,239.2413919351304,262.4472536110792,118.11598316916255,139.3470705261172,1149.8570468343983
2023-03-02,499.95349326284816,210.61214723960384,246.0295448736923,163.11437481307058,83.80444792118236,1203.5140081103973
2023-03-03,609.7804655667787,274.8699283517989,218.49236659231258,132.22971116091853,85.56010263544206,1320.9325743072507
2023-03-04,611.6289655320898,181.3622354562408,374.16243973313226,110.68263047996662,102.3937387518238,1380.230009953253
2023-03-05,659.3132006833188,292.13941591210425,305.9780400854737,80.31041352237958,104.49409135211393,1442.2351615553903
2023-03-06,615.8919971212808,111.72352984979474,349.5075464833312,85.24768773136164,75.11117880216132,1237.4819399879298
2023-03-07,334.04042848464155,112.50293294158482,340.60242497565923,194.4747301897036,60.302522139647145,1041.9230387312364
2023-03-08,305.8255445235158,172.23216433342856,253.45666505820805,204.47810064281708,97.94176694389455,1033.934241501864
2023-03-09,666.1921672968826,193.2317239943286,388.23176702072885,181.99902668108987,70.43905677039805,1500.093741763428
2023-03-10,476.8104428300091,240.9238024854122,264.26231955868445,99.58433889519027,133.06795630783353,1214.6488600771295
2023-03-11,469.59211775639824,179.89617835024558,399.7937041640263,175.36953920497413,75.48981349933497,1300.1413529749793
2023-03-12,507.6609701213903,209.05388606198642,323.10011206656714,149.12164706435044,77.1133647873881,1266.0499801016822
2023-03-13,612.9558859222018,182.70048600734157,372.5846420152019,180.09212348904495,126.03395529158996,1474.3670927253802
2023-03-14,684.2465516694474,289.55504845580117,396.41134305435855,150.67849683018534,119.56073280122757,1640.4521728110199
2023-03-15,674.712054119871,151.653352213679,358.34766024901876,95.32388882914174,71.24884787638548,1351.285803288096
2023-03-16,342.5289562179447,102.95222728507294,273.96182654030804,113.28032129114672,83.85653014678923,916.5798614812616
2023-03-17,372.3539861711811,202.00218693352565,371.75628352738545,141.44246359401507,110.77229702335372,1198.327217249461
2023-03-18,304.83469234131707,293.3931864169966,274.7839317719154,195.19150783063031,121.49824153445545,1189.7015598953149
2023-03-19,533.9800283220618,245.11265368349686,229.07579056894858,168.62195275852082,69.65847456464988,1246.4488998976778
2023-03-20,689.8535419198492,223.97389324872086,318.2079157709809,119.19377579292582,132.12703883429458,1483.3561655667713
2023-03-21,588.550783923733,138.81418313309717,317.4889934763678,158.5175065914268,122.76418309252341,1326.1356502171482
2023-03-22,488.7689381441577,265.582960789171,233.7926282758446,139.437048925939,70.60921484669434,1198.1907909818067
2023-03-23,482.7993581897215,258.9525973995711,229.37707372630302,189.81444514916615,85.63408311410996,1246.5775575788716
2023-03-24,370.34604970282385,236.03689778022982,273.5841635576752,85.00722604788972,96.97194851755057,1061.946285606169
2023-03-25,601.6565829296434,181.7925333473288,348.4600883121605,122.25297054407528,80.92007903414341,1335.0822541673513
2023-03-26,668.9683566223916,275.7491260149069,334.9331706999602,171.38543567685429,138.1596713420904,1589.1957603562034
2023-03-27,562.5037365850508,247.02276032806947,370.85261369654665,84.03377461416194,136.9449284027908,1401.3578136266196
2023-03-28,424.7773481255758,241.41773341038203,304.96069925298355,155.42542919191754,100.79690080873297,1227.3781107895918
2023-03-29,366.6228476373341,175.88825057704807,324.6548625635922,118.02096176288343,70.01992035435795,1055.2068428952157
2023-03-30,621.7466765405306,296.06953828362316,303.3490069112138,172.68302352579633,90.12795837345723,1483.976203634621
2023-03-31,594.2002440439662,206.59951496579882,264.50866869254855,133.46904432679008,98.27499210546084,1297.0524641345644
2023-04-01,385.20201721393227,123.85872826566089,397.30466486908205,200.36351143729945,126.72010602210806,1233.4490278080825
2023-04-02,630.2339533070855,227.8471342266151,282.4484517873171,124.9492227509977,103.3635750585862,1368.8423371306017
2023-04-03,580.3115777243611,215.43183538385767,373.23148666532495,93.5044308914802,138.87435423144098,1401.353684896465
2023-04-04,641.0890703578399,290.3370696718658,251.51725637890974,202.19844681763016,73.90306705057087,1459.0449102768164
2023-04-05,402.38839978784836,244.90043356512444,365.900142597368,98.48612714351692,129.15574366844157,1240.8308467622994
2023-04-06,622.140987278611,166.85793828338876,329.6356179757885,202.6288996753927,136.08359019072134,1457.347033403902
2023-04-07,364.61722722180355,280.62840409043895,246.2389400242753,159.1858247854077,92.84975343056993,1143.5201495524955
2023-04-08,497.9146750268301,162.7860844331745,352.1665898465243,86.37324393645775,64.0178378632466,1163.258431106233
2023-04-09,626.6652441833394,277.06189441111144,350.95189163247744,172.01980591045265,73.87256843651713,1500.5714045738982
2023-04-10,368.4413207269482,206.65780847371767,296.5642873549301,98.8761831931881,77.18208611677306,1047.7216858655572
2023-04-11,491.35399903353317,253.5582912805527,313.37851629258495,164.98916611306498,99.25440567871206,1322.534378398448
2023-04-12,316.00688596809016,206.5563391912537,342.6045601051617,175.71049564343318,114.07730367073178,1154.9555845786704
2023-04-13,357.03156145074297,215.11224674893924,301.65191966394053,159.56137042250947,82.35405639315707,1115.7111546792894
2023-04-14,337.8187144865152,230.80202608293368,277.3250264070937,137.72303302293798,68.43943219912441,1052.108232198605
2023-04-15,586.2988077055935,288.2433382648114,380.6876715352327,160.82391715802936,120.55176900197367,1536.6055036656408
2023-04-16,463.81935289070753,169.69792734408233,238.41131678929955,209.71108983134712,108.32528312235956,1189.964969977796
2023-04-17,525.0994668764893,140.57570915958212,246.4996290292006,184.5636319621778,131.18632283523806,1227.924759862688
2023-04-18,459.65119432081184,263.39569488760003,352.4033941946931,128.2284380368302,115.00937886539947,1318.6881003053345
2023-04-19,514.6895666584476,159.21015871813563,200.66695906407827,179.7236179971016,72.11586646443293,1126.406168902196
2023-04-20,665.3343244940005,130.86169752420932,390.84499668536705,201.10212020724072,66.19987280740428,1454.3430117182218
2023-04-21,685.0814482189253,291.30008029121564,291.5231057682497,162.20450311128505,82.35102980639024,1512.4601671960659
2023-04-22,586.4757044264488,262.2779001083223,212.0032421185105,131.64005115326512,92.04841707904777,1284.4453148855946
2023-04-23,330.81314244986754,198.54731910283002,268.03992273221155,151.99842868379662,103.49594630793001,1052.8947592766358
2023-04-24,324.97275964008384,241.38745056082007,322.9218092362448,153.82769436761419,115.31304922333665,1158.4227630280998
2023-04-25,421.63844511586467,264.997365368146,273.93459843707524,179.91012400836934,76.39801219611209,1216.8785451255674
2023-04-26,492.4448177090738,272.6079817061742,385.49060781980586,121.71707298460004,78.91546248546297,1351.175942705117
2023-04-27,360.97272599315284,171.350068380722,237.06781035509445,213.55344498633082,106.7074091809264,1089.6514588962264
2023-04-28,339.4121233814302,136.4710530222981,231.2576316505937,154.2618310581641,103.65147934609327,965.0541184585793
2023-04-29,430.2158418040907,283.3352785851073,294.33474537924883,136.8267545754563,124.45552237671184,1269.168142720615
2023-04-30,526.6984346241777,117.90574342654097,212.16379583856255,194.7208416383392,118.20762748904329,1169.6964430166638
2023-05-01,353.5230727244233,160.64396215411958,384.839468869651,117.72234653561549,131.8126707097665,1148.541520993576
2023-05-02,640.1987098782408,154.18056536381494,221.98644593438576,89.33979012968679,66.35660078330139,1172.0621120894298
2023-05-03,628.4697048618063,189.2357199132034,244.11516383631454,101.08396839833259,127.82999638008944,1290.7345533897462
2023-05-04,396.2972695124822,196.45010566906842,319.37735228813676,137.3153993161712,121.57571282261677,1171.0158396084753
2023-05-05,626.801408037605,143.34079746600855,317.425415693141,145.62453045475212,86.97061960592423,1320.162771257431
2023-05-06,680.1040352048226,113.48713532142223,290.5409178543159,175.88770640959842,125.74043025400839,1385.7602250441673
2023-05-07,331.3117003908084,284.49177627263276,392.9404342977858,149.0290301885149,106.75429210200659,1264.5272332517484
2023-05-08,631.2386821344077,112.24800819603998,298.778656739143,122.46804839580692,97.19467849233023,1261.9280739577277
2023-05-09,366.24742639386477,200.1888838480271,334.56803693809616,108.12615297283156,80.76166770188624,1089.8921678547058
2023-05-10,428.4267663291232,227.04661133860122,310.47912172596267,216.1279231196131,105.50165032254765,1287.5820728358478
2023-05-11,697.9365814494358,287.94527006931423,389.13883737389585,215.139760272572,97.18727862980863,1687.3477277950265
2023-05-12,312.0958930488547,236.57498829099802,366.51565373885995,141.48208766345567,92.0459917874745,1148.7146145296429
2023-05-13,432.42197498867904,207.23701822678188,323.42190444229635,197.10367165191502,93.0090358761413,1253.1936051858136
2023-05-14,657.4582136067809,186.3167232976482,361.8310925247026,202.6206747112994,77.21063409886013,1485.4373382392912
2023-05-15,378.45393624554583,275.35577784425504,226.9371895836952,89.14931537237673,102.82231712203739,1072.71853616791
2023-05-16,312.938086158398,207.7278632228233,318.58961613117043,130.38104013759477,73.1448152301253,1042.7814208801117
2023-05-17,383.0286667272154,263.6145867605513,398.53118681389174,172.83801495507632,74.80542416898855,1292.8178794257233
2023-05-18,676.5498896237855,112.82436778039038,260.47014266997945,161.71964942440346,80.72547093398285,1292.2895204325418
2023-05-19,450.5822668743523,149.1945919442627,288.1524977402893,161.42157751845272,96.341424907569,1145.692358984926
2023-05-20,384.48688962940025,180.77054365711427,399.5673476762156,152.484517390838,104.66837320753413,1221.9776715611022
2023-05-21,418.82648440090594,224.38636040924595,348.436704925084,93.13934080588476,68.82827684060808,1153.6171673817287
2023-05-22,494.1880093149384,257.93640328810255,226.89127953472055,168.49012756902368,136.27534843597647,1283.7811681427615
2023-05-23,447.7891295626123,150.55860075744448,233.62771573366774,202.62820621219444,105.36536434180746,1139.9690166077264
2023-05-24,610.2307751723604,200.1657485773855,298.66496182576714,174.33450831625413,124.65551335307734,1408.0515072448445
2023-05-25,693.985220137105,289.08482107329513,373.4589557325357,118.22103891513575,110.37029286482121,1585.120328722893
2023-05-26,315.26538861987683,255.25242497032556,368.62616117282766,199.2525919924755,126.21901836268924,1264.6155851181948
2023-05-27,468.5383238064188,276.30921385588294,203.98679611537,185.72238608186603,68.82381178538789,1203.3805316449257
2023-05-28,361.48227201263643,206.6059337984998,237.67304408197202,150.72768621549704,77.71581217046659,1034.2047482790717
2023-05-29,340.70401852866786,151.17305430245207,227.21408255882187,153.69103952401008,60.750249403447555,933.5324443173995
2023-05-30,500.5394539919442,158.59941068967402,316.21490969269945,179.3072078808063,130.14325909443687,1284.804241349561
2023-05-31,670.8585700287829,247.48785083920967,214.21084541267751,110.1793981775777,130.68511885266608,1373.421783310914
2023-06-01,692.1881228312643,194.418385675722,262.93967427266233,176.17487679636886,114.48255520494425,1440.2036147809617
2023-06-02,675.4255006348767,274.3949022543933,288.618067262046,214.25614697836548,94.42979732403029,1547.1244144537116
2023-06-03,344.57171594473897,254.86612820108925,311.4157694676839,177.01473544237587,131.08334654991705,1218.951695605805
2023-06-04,420.1746065606134,112.89965952928675,219.63948076066885,204.04168481832465,112.68503781658302,1069.4404694854768
2023-06-05,635.7702241329318,149.98699261487988,311.1386110431245,177.57451920925277,83.07731924917917,1357.5476662493681
2023-06-06,645.2530902877409,206.5832720444818,397.9980855746463,129.52626095588715,86.75350844933445,1466.1142173120907
2023-06-07,486.86942116417276,288.83689059558696,376.2517768079816,219.47733104531798,78.87041586100351,1450.3058354740629
2023-06-08,460.73606692164617,149.24239903781844,361.7798362086792,135.94949442723572,98.79905066185519,1206.506847257235
2023-06-09,464.73497760731135,207.22942745644826,371.48511551225795,198.44843766545398,118.3015363631232,1360.199494604595
2023-06-10,550.5024820586611,165.1061913194255,345.38830236356273,164.75258143410213,132.06441688488843,1357.8139740606398
2023-06-11,679.863935161774,113.46382033031873,223.84991387296404,122.87116668758637,99.86691018613021,1239.9157462387734
2023-06-12,326.0836058858838,189.26180323254644,224.1840967664227,83.04161569202394,66.26877071605614,888.839892292933
2023-06-13,450.9400416295588,146.29436697747798,239.50059144015302,150.25277402567787,64.9967129711005,1051.9844870439683
2023-06-14,695.6538269404166,254.99494912195993,377.08867887939647,104.6213583165394,136.06381308563363,1568.4226263439461
2023-06-15,589.7929972271345,156.19067659308516,293.26320779129287,193.75406065857663,73.03084212628731,1306.0317843963765
2023-06-16,458.64505210345516,198.29560231471336,209.56345263012767,87.1161463371001,122.53898638732112,1076.1592397727175
2023-06-17,519.7456642522632,149.74215879134033,225.36374039663946,212.3850000024352,110.22993228831751,1217.4664957309956
2023-06-18,486.42747960148836,102.19846102548348,358.5617560881368,144.00638937766905,77.48624232042005,1168.680328413198
2023-06-19,468.13377141375827,192.45091265372974,247.93542255153076,92.56637440978233,101.49743234494312,1102.5839133737443
2023-06-20,364.91395712437634,220.63858573170813,284.9411602064122,196.90326090761366,111.77393069749638,1179.1708946676067
2023-06-21,504.7129674575784,117.23963174715007,367.7502909414276,80.36710951850179,137.97837756957313,1208.0483772342309
2023-06-22,484.4794750614398,215.478482562079,332.7035240854781,171.39176715542413,74.83319823843593,1278.886447102857
2023-06-23,384.2649466720312,216.91493973595794,243.90461877474814,218.5928922924045,122.58527908486016,1186.2626765600019
2023-06-24,462.96264686735964,171.8932841555565,260.31345927124977,141.53336444578164,106.51761131604908,1143.2203660559967
2023-06-25,320.8341105761167,140.17640784892203,289.54028019632045,119.99901674329375,80.29727966587407,950.847095030527
2023-06-26,450.16460148153953,225.05886611084614,341.4332591912905,83.27359700539974,108.26366597037777,1208.1939897594536
2023-06-27,579.0073815848787,103.14721758688607,261.9458582633613,101.40326630163106,129.0559010572605,1174.5596247940177
2023-06-28,455.66994315940076,162.3225482110555,317.15245960920504,210.50263680638542,104.20878792157217,1249.8563757076188
2023-06-29,685.0112692561462,189.4741319688551,366.39346345246815,209.5188289430837,74.32152257813337,1524.7192161986866
2023-06-30,471.3757220835346,194.0524083941896,281.9363548786233,215.88066167530837,109.6429789338608,1272.8881259655168
2023-07-01,616.8796025947647,270.5660772024311,226.17483266569923,110.08922019244085,71.70039767601588,1295.4101303313516
2023-07-02,505.02782328274617,179.70294052227337,370.3214039656308,156.34654485209245,119.7682439336855,1331.166956556428
2023-07-03,467.4900445055857,102.02537013400308,283.05131498885055,206.62948187555727,94.22213885944791,1153.4183503634445
2023-07-04,689.034248898475,124.62575540196003,373.1290879844151,175.1913965628189,107.87188866589287,1469.8523775135618
2023-07-05,563.7924465116438,140.44771521906378,321.0689020756686,84.5888184543637,132.23558040050256,1242.1334626612424
2023-07-06,523.7027992796307,102.38432559013808,341.6679582767763,174.34555085235326,64.84618570966327,1206.9468197085616
2023-07-07,380.0737396297683,126.69479259116206,259.9071255460077,198.92664651705783,71.35516362942111,1036.957467913417
2023-07-08,498.2945601464069,146.97001356635292,219.23578748316157,97.0884455121587,135.62619240471227,1097.2149991127924
2023-07-09,646.0748522482909,145.3534364924691,300.8669931924519,108.0531168914483,70.55640410046377,1270.904802925124
2023-07-10,604.1551905377614,232.9090380484742,284.881767985242,168.6614312822294,100.04551450809551,1390.6529423618026
2023-07-11,633.9574344825223,245.4558655581894,368.4362206824619,183.50935395502404,134.35349753775742,1565.712372215955
2023-07-12,502.486712375145,215.42224572151906,257.3204931447344,211.01958753429636,68.59702018170458,1254.8460589573992
2023-07-13,430.64663594361025,248.99215932638552,262.68806798930234,202.81425182368238,99.58713246970152,1244.728247552682
2023-07-14,372.2958815968829,121.51749928219687,210.7515957414256,88.88052120698407,87.97612078745978,881.4216186149492
2023-07-15,574.7627247936769,203.69015911751217,347.0268650991872,119.53271100994252,126.59665011376893,1371.6091101340876
2023-07-16,421.9245355047343,181.1903302074611,232.98733493761873,114.8107241347228,101.6410706641755,1052.5539954487124
2023-07-17,625.2290884030233,240.76646019168442,281.6004584164289,91.86213811545838,77.9137706217977,1317.3719157483927
2023-07-18,397.51740849252116,107.25062733990814,293.3770489785727,148.61324712935186,108.07483515354134,1054.833167093895
2023-07-19,362.5717898204278,239.40505484501884,342.3448118325242,112.4433766233626,134.2324217241465,1190.9974548454798
2023-07-20,440.07118997743476,233.6665153016773,224.34580087085226,115.81825055399202,114.64679302215598,1128.5485497261125
2023-07-21,457.59837902105687,225.07958220836628,232.0340660722594,177.16413832863176,134.21437576687765,1226.0905413971918
2023-07-22,609.1521100051273,217.62286792919954,376.67534822463006,124.19549066204598,135.9560195193269,1463.6018363403298
2023-07-23,368.70151667454263,133.6820977739775,378.2729343061786,158.9838476590341,130.25889391787666,1169.8992903316093
2023-07-24,627.9084499595225,183.51619679981644,211.8351060606493,205.06007467733275,111.43461561255981,1339.7544431098809
2023-07-25,543.3541730561085,274.7228220547691,287.8569664815479,214.6277862040637,89.50967034573193,1410.0714181422213
2023-07-26,553.2858050690737,143.17902581142252,354.6829599082753,157.66688300529376,79.16588521859124,1287.9805590126566
2023-07-27,345.96569936398697,192.46950744004056,374.4850799811462,185.62560373039403,120.77255578923874,1219.3184463048067
2023-07-28,348.7709709252555,155.33346434781294,290.32677865080603,219.76926803706007,77.50101579381825,1091.7014977547528
2023-07-29,573.7096105887532,203.94257093474903,361.02196087296073,151.0331524023644,97.09224679539804,1386.7995415942253
2023-07-30,683.4108376798766,154.8924272132304,258.95038282247225,115.9169636296315,122.11652882778958,1335.2871401730004
2023-07-31,549.7950519441672,205.1247898161077,232.09397318811148,190.11696677862722,71.11667304777427,1248.247454774788
2023-08-01,324.178834424489,213.17161258407157,237.60505825671572,117.38379296716273,68.6220885848327,960.9613868172718
2023-08-02,617.0075423088557,199.7974100680504,299.02048391964286,185.51648281714563,73.60613427085892,1374.9480533845535
2023-08-03,538.2125875429775,177.03101148437403,227.7506316750773,123.81223838365798,74.87653866860131,1141.6830077546883
2023-08-04,554.5785351372587,238.08727403487418,314.4810490674939,209.90571368891088,66.15916343276022,1383.211735361298
2023-08-05,695.7576992920827,277.4280636335486,216.57203799066352,187.69507858847174,68.91493787003259,1446.3678173747992
2023-08-06,431.17969060897076,270.0701255590066,329.5315688563125,162.69567416951898,61.27975690194587,1254.7568160957546
2023-08-07,463.56669849672085,192.89010998258124,241.70404470274167,140.30165345872504,73.65076658971672,1112.1132732304854
2023-08-08,375.2211632827604,272.33522338181,311.2135942209138,196.6366937195858,74.44027559090424,1229.8469501959744
2023-08-09,613.0500748134609,165.07989961825007,233.2722647201923,100.80613336073624,78.62726335832042,1190.8356358709598
2023-08-10,374.3765510391547,110.77997828462239,381.0966140897679,176.3504060656653,109.99519201216134,1152.5987414913718
2023-08-11,581.299901289648,283.17190999051917,212.37059236742627,82.27426246700017,95.85685440600552,1254.9735205205993
2023-08-12,599.206849055344,206.80613181225,357.99507335331157,108.81614966173443,87.34387617324036,1360.1680800558806
2023-08-13,605.6331232128335,102.72216627873077,346.95832756195693,185.69685380733387,72.05062943582504,1313.0611002966803
2023-08-14,509.61150580485446,195.5771144337979,319.33118095607625,94.915386077665,132.04702720074314,1251.4822144731368
2023-08-15,664.2432325368084,166.84911679699616,348.20309526255613,148.72726009236112,109.5339447999188,1437.5566494886407
2023-08-16,659.7895449202701,129.37751104665676,211.25358574828203,133.51336724359987,88.33648985737739,1222.2704988161863
2023-08-17,305.242819359911,211.1815205924385,310.48021912979664,152.0400287521975,122.39085724399095,1101.3354450783345
2023-08-18,530.8356627399444,151.09828752878246,328.5876645941287,136.2720246482162,75.48325661185011,1222.276896122922
2023-08-19,634.4491578378945,232.0705126841118,387.0529072914875,217.3771631867523,110.57232542238414,1581.5220664226304
2023-08-20,420.2436774553238,148.77925869248696,218.53899942330062,83.0970840641977,118.51349964366223,989.1725192789713
2023-08-21,413.18712544932123,123.04594585999781,342.4802665492865,154.10807734768247,90.64493497394304,1123.466350180231
2023-08-22,609.6698532166598,288.3124232192879,364.734448820489,197.3775089231977,92.89451497979564,1552.98874915943
2023-08-23,629.8206887081107,173.0042378782889,388.3315308776473,200.05557769811833,138.87551803738398,1530.0875531995491
2023-08-24,417.95776832898525,239.2939537552546,258.17056806031786,187.18934254646413,87.18548399204235,1189.7971166830644
2023-08-25,411.3054032471405,250.15011102870892,374.54856692559827,134.6325060498175,105.74616082374159,1276.3827480750067
2023-08-26,690.4301119264397,283.8325967087932,249.6445986894573,119.78597069509013,64.43022328296287,1408.1235013027433
2023-08-27,306.84301971063593,224.03188690864275,211.51677463869888,122.30216017361502,131.68476768658599,996.3786091181785
2023-08-28,460.7889910544487,190.4561197208044,294.7507292883514,97.91178611185202,85.1608251570925,1129.0684513325489
2023-08-29,465.2875984993684,158.56818073189123,206.1425519140449,196.5653194040592,132.1730821600844,1158.7367327094485
2023-08-30,379.52880108771603,204.72614852867258,321.5190870221831,85.06332904858131,136.53128142838287,1127.3686471155359
2023-08-31,496.41580989556746,274.99126633982337,364.2662982129866,132.44726452108543,79.1544943925137,1347.2751333619765
2023-09-01,453.50683766254815,220.09337689606616,223.7685155917186,152.89461811147078,131.74001078988752,1182.0033590516912
2023-09-02,479.1136081941641,285.87997779834427,352.90612439029957,137.77146558605426,122.55319397727189,1378.224369946134
2023-09-03,515.8655450742813,245.92647000338593,381.68321544590276,198.47829733825742,125.02297634921453,1466.9765042110419
2023-09-04,671.2759238948645,198.70000173456827,227.95529938252625,184.03427517351014,72.84832422411371,1354.8138244095828
2023-09-05,437.56501638019006,214.34858605554808,256.9547320278767,176.70517374658743,119.59012358656062,1205.1636317967627
2023-09-06,347.91675869241453,219.9096572787334,321.98377117204546,103.4083440007874,101.57520389144983,1094.7937350354305
2023-09-07,510.42044525582526,222.571286230721,268.66493316661484,175.92553318003763,123.87429459930058,1301.4564924324993
2023-09-08,534.5039510768181,250.61469997377813,243.83738324678012,97.60962874740156,108.62489218912673,1235.1905552339047
2023-09-09,371.98405501245554,147.05397736027822,267.046872379941,90.64160143702263,95.84420931252457,972.570715502222
2023-09-10,462.8764449037482,130.8816036446192,268.76185098507744,197.23858550864065,85.19130549351621,1144.9497905356018
2023-09-11,663.6534649222936,149.19565059647465,312.45378488809365,82.98994921183191,125.53530315190157,1333.8281527705954
2023-09-12,378.19362934112644,296.6034809980282,394.0453048569106,215.27273878036743,72.21069921045462,1356.3258531868873
2023-09-13,376.6746434740163,118.04850798471665,367.2939550394973,207.86839668984624,99.58973698690156,1169.4752401749781
2023-09-14,340.11122955612666,240.18434169256736,329.4440832007584,125.04159779298152,127.96937839724207,1162.750630639676
2023-09-15,611.4835865172467,231.03054411237687,378.0753435112164,97.28963473333067,110.47074041289264,1428.3498492870635
2023-09-16,664.4256356398636,270.6493040958693,388.30459298466303,120.2997958221953,61.60960962323804,1505.2889381658292
2023-09-17,659.8259120210681,167.9624723072232,386.47266100177654,130.51828984753033,71.56828412449173,1416.34761930209
2023-09-18,420.72151109065743,192.98380971184747,253.7232026275288,212.49745110447168,75.44404875510702,1155.3700232896122
2023-09-19,661.5166267333666,158.9239886070255,215.83259439341066,167.94666516407898,125.08386977903534,1329.303744676917
2023-09-20,379.3328797472092,283.3626196717777,211.8978874370722,159.23186097987707,92.59591098324007,1126.4211588191763
2023-09-21,356.25893661043574,254.32266024968303,245.2101733042071,177.5748676111641,94.66738982965876,1128.0340276051488
2023-09-22,485.1573997687595,207.07208097303717,359.22561445105265,128.8245828789711,64.67682100273444,1244.9564990745548
2023-09-23,592.4990057022283,258.42526736757065,388.570685756716,208.39674581101548,62.025871922845404,1509.917576560376
2023-09-24,397.81194680121115,157.58261390631122,259.5968076101005,112.09555368340585,103.60707526664288,1030.6939972676714
2023-09-25,613.736818190495,208.82982308948232,390.69283712908293,204.52191571583126,101.81889471474605,1519.6002888396374
2023-09-26,454.78416639879566,240.36586904545777,237.08924287679383,87.4318046893612,82.06721470068238,1101.738297711091
2023-09-27,546.9958020256572,126.76004069406679,340.9652001391863,190.66059542648725,97.4395776140463,1302.8212158994438
2023-09-28,442.3743303088562,274.43561815358066,326.0325549333831,114.9960647812376,66.97089647489906,1224.8094646519567
2023-09-29,473.0958677048245,127.09296508444726,374.9088093648645,155.0098947104652,136.3008384921743,1266.4083753567759
2023-09-30,411.01546452427954,143.5040166787241,376.8086046580124,85.90760867653097,93.10312030144726,1110.3388148389943
2023-10-01,645.6208854986967,253.18228353599642,302.88528454778697,127.05528868819206,99.47702447917749,1428.2207667498499
2023-10-02,467.99365542800723,218.64551544290742,287.4112817957107,97.81853583259225,87.78279219848578,1159.6517806977033
2023-10-03,389.9382703390234,192.88982228034854,313.5450682472565,206.3792403967393,79.55973752869484,1182.3121387920626
2023-10-04,672.151072831411,266.8903778427923,392.57387574065694,98.84284439509824,131.40490656333463,1561.863077373293
2023-10-05,437.32376583243155,278.76607321811616,243.72624147534884,119.5318309601283,131.3733014644452,1210.7212129504699
2023-10-06,476.7425759093277,189.6598011634155,380.7348852965299,178.43176925663295,125.30838838314975,1350.8774200090559
2023-10-07,600.3979777208949,186.97902713769594,259.6242908670598,128.03803854506882,138.29274153814504,1313.3320758088646
2023-10-08,600.7571381553169,232.34049653718796,202.92198417370574,80.69479074555764,124.01363537731454,1240.7280449890827
2023-10-09,572.6151601221495,118.64327809604005,292.2072494249366,122.0988613291583,76.96641337429332,1182.5309623465778
2023-10-10,467.1998999136853,249.09563821352742,367.16571854773713,133.12860131869786,68.54158333787193,1285.1314413315195
2023-10-11,346.0014224824181,291.05330657504237,331.697331856508,121.20642427459227,65.43239526081011,1155.390880449371
2023-10-12,562.6750047894179,148.90915559012564,390.05102485691975,130.85298724635825,87.81414874919885,1320.3023212320204
2023-10-13,312.99589502404103,102.74703250830797,384.46417251308833,166.08277548111042,71.17512545028984,1037.4650009768375
2023-10-14,452.10507540813444,116.02099117155484,358.9332967892399,100.09859540610661,112.26387773480434,1139.42183650984
2023-10-15,540.3416464166704,225.5126084401961,350.98941599276833,163.92252173306406,112.6285651646225,1393.3947577473214
2023-10-16,631.2850471532973,205.53178305674703,230.63722767616525,190.1052838856481,97.6417730625549,1355.2011148344127
2023-10-17,397.9503960412777,101.5655780552285,384.93380997831247,128.27464684089097,98.30000529666117,1111.0244362123708
2023-10-18,502.2805357063687,171.40796005682697,330.63839460239194,109.2870268468384,116.26596798244992,1229.879885194876
2023-10-19,365.12237710472016,216.63172398040473,316.7764342310229,209.682896492599,120.42148589596039,1228.634917704707
2023-10-20,479.0296531692799,205.49513518000768,389.03570728623174,194.11057073287213,99.62767231248358,1367.2987386808752
2023-10-21,419.11194585134655,197.35093212443962,369.34986065667727,109.1216418281925,99.0032015372631,1193.9375819979189
2023-10-22,520.7988812412357,107.5222360159553,378.6125634832819,117.35461375625232,107.18318554809146,1231.4714800448166
2023-10-23,305.764593162288,241.03452689264066,356.645332291488,90.43705103201867,76.4293828823908,1070.310886260826
2023-10-24,636.8901626404391,123.9650986252242,371.9308102144144,146.56784133715612,113.46929845587428,1392.823211273108
2023-10-25,540.003059987828,191.83035490603226,386.183374339304,104.45468683730009,113.21495861502343,1335.686434685488
2023-10-26,522.8934789968823,277.6395254955966,359.7516897976835,96.53391642969902,94.62175224598352,1351.440362965845
2023-10-27,579.228556243091,124.17699680207002,243.29844640452598,174.21867383340822,77.74690606345408,1198.6695793465494
2023-10-28,470.54320282931945,228.44665703451847,236.9434438199763,165.13647801572233,136.19299944444967,1237.2627811439863
2023-10-29,488.1387919774202,298.62982644940155,355.6397739951931,169.86402855651346,132.57600230903364,1444.848423287562
2023-10-30,598.7599157996901,213.1680729338982,348.8932616426039,114.24068176996907,77.72849514154382,1352.7904272877051
2023-10-31,643.2045209217379,287.71435875970013,324.4513771784472,175.92765495217537,75.10352056228355,1506.4014323743443
2023-11-01,479.71787147039515,232.86613349433395,213.45785821948922,180.6905917877362,83.76184818626042,1190.494303158215
2023-11-02,576.0608545077444,215.92429770120884,316.0132135169529,144.54532137325424,72.83789374049297,1325.3815808396532
2023-11-03,368.88818786668634,191.29770873046954,273.1454085503506,143.49495585439283,70.4703704917677,1047.296631493667
2023-11-04,615.4387401201527,140.91706802045033,367.6688675027716,118.39060298347326,63.594910424714264,1306.010189051562
2023-11-05,654.8629373519852,144.82303718521223,285.1752827425749,206.16079147434237,109.0049448884542,1400.026993642569
2023-11-06,300.7994567142468,261.51207583642065,285.6527507838557,183.06274888922258,86.97770866007042,1118.004740883816
2023-11-07,431.66466538731447,166.999597304764,235.50162133491173,209.7969362619929,97.42762385700806,1141.390444145991
2023-11-08,539.2170516802834,166.6166497583974,334.3402319934853,208.45429608904385,64.31217440181035,1312.9404039230203
2023-11-09,339.1460753388244,194.26447288511648,366.24864791307635,200.7220091651866,104.52131581328612,1204.90252111549
2023-11-10,342.054913990539,128.73419529459014,369.8077508767771,151.63262142225932,88.03561132479459,1080.2650929089602
2023-11-11,543.4161117721163,225.98238847618103,342.11842578275696,205.0244660176241,93.80703560562806,1410.3484276543063
2023-11-12,483.6463093397872,239.26153137742384,294.7694413220403,150.73567570612738,81.83965293498864,1250.2526106803673
2023-11-13,550.034744668679,107.64070865201356,262.141774137869,203.58478937183324,105.313154858015,1228.7151716884098
2023-11-14,325.36339912631246,197.2460568095495,219.1987296739782,105.33127397694261,110.47758043136878,957.6170400181514
2023-11-15,492.75976677481583,241.50312617667936,273.1550661278076,134.21675596546274,108.13195952385202,1249.7666745686174
2023-11-16,397.61125343521195,268.69718904478634,346.2440203168321,164.27335209246513,95.77288532278553,1272.598700212081
2023-11-17,657.8771877419634,261.6802502872815,269.10642004370027,165.9949108683775,106.87280708223804,1461.5315760235608
2023-11-18,414.61564494962994,204.75338659870783,320.2070049078199,170.99649515371155,139.61930891649217,1250.1918405263614
2023-11-19,362.0488142391098,268.5302852919108,355.30809213615214,109.88652856972216,131.35238292546097,1227.1261031623558
2023-11-20,493.5979035509347,123.55237031060841,236.62769221320133,150.3967461749986,85.39094787029485,1089.5656601200378
2023-11-21,600.59815433315,229.68617925079312,225.63250321502358,214.8017541136653,99.4635273891129,1370.1821183017448
2023-11-22,362.81537332084446,294.5689314151549,257.8005272674475,90.26958155114171,77.76824193174605,1083.2226554863346
2023-11-23,522.5286935582528,133.76767717391553,216.78259816783162,109.7574960226128,96.46013245810873,1079.2965973807216
2023-11-24,450.71292788059736,151.63794438075294,368.57841775725507,216.4798078124297,136.66553133327284,1324.074629164308
2023-11-25,370.04720524759017,203.1940908627775,336.0940830641632,85.16060518835559,119.99826889717014,1114.4942532600567
2023-11-26,574.1648278685084,281.2663887871424,224.38273603946172,141.13787542853953,98.17085170108368,1319.1226798247355
2023-11-27,384.8225835017646,294.8555789893637,271.56150850094906,159.11018133283085,67.54563012736628,1177.8954824522743
2023-11-28,312.90895775608465,283.5562720929349,255.7965958936892,203.7310452383454,121.65863460851241,1177.6515055895666
2023-11-29,680.7312819247377,147.92063151048745,260.7333342453788,132.8247569679042,96.76575481126241,1318.9757594597706
2023-11-30,608.9176666155327,189.82879649240857,356.23704021872175,105.40792064943139,113.21328122355476,1373.6047051996493
2023-12-01,610.451966779018,152.24905026482205,393.09481604443806,174.85563757123083,67.31895332645065,1397.9704239859593
2023-12-02,473.89161886556616,241.9723921636959,313.402095976723,101.15462013349213,81.28095271397976,1211.7016798534569
2023-12-03,513.4750893857314,184.19929277473074,209.94679965015217,114.99098827711427,79.06389849977374,1101.6760685875022
2023-12-04,457.1420827035938,129.60452860363543,204.09238205485286,186.3488829192628,138.89899438313267,1116.0868706644776
2023-12-05,550.2517584680122,239.51968708254475,277.27107141956066,97.99965912235751,64.50843157969399,1229.5506076721692
2023-12-06,528.8980617712625,166.6207300791592,340.3155766138004,103.46604419856939,67.45599042441228,1206.7564030872036
2023-12-07,366.5180560953719,251.47355963331898,396.6154270707698,216.73222369298804,77.56986012983488,1308.9091266222838
2023-12-08,634.9846908110865,172.66911631193102,363.9098270632195,195.5596348466687,130.41802629097188,1497.5412953238776
2023-12-09,563.3968282473706,137.55612644265847,246.37730130682243,145.96231372004044,97.53502906224017,1190.8275987791324
2023-12-10,629.201619002753,282.5504833313633,219.354070798697,92.37271981671407,100.25925484272435,1323.7381477922518
2023-12-11,684.9351507914981,128.48020706703815,337.79868599626894,198.80801553928407,67.05599278976932,1417.0780521838585
2023-12-12,588.474111121608,283.9569854388518,218.75113016292607,217.5773329277867,131.00212155286198,1439.7616812040346
2023-12-13,426.73455880359563,199.19507094205773,213.27989323640978,81.72878387965119,114.78689113115925,1035.7251979928735
2023-12-14,527.4802229575025,181.03861526335083,371.2753504237944,184.55282389982108,135.89795651021433,1400.2449690546832
2023-12-15,366.34401708876794,279.89275622806844,393.99388508123474,102.54505936708256,105.41060807365042,1248.1863258388041
2023-12-16,374.65829702914823,109.58148279486701,266.1670256706043,104.68901002452552,119.97043491303444,975.0662504321795
2023-12-17,548.2559626302284,116.65896671559864,222.7953592939053,110.92444217375848,108.07187986012963,1106.7066106736204
2023-12-18,563.8740213823653,185.18114494961895,233.2122359191996,140.91591213709088,136.5765798784318,1259.7598942667066
2023-12-19,652.4374911786372,279.70749663145546,235.74834601113878,139.53307832522728,119.39659995796595,1426.8230121044246
2023-12-20,396.99280734380136,264.64280568337693,301.43882505920243,178.08394761304706,110.627789235174,1251.7861749346018
2023-12-21,549.2210215609687,139.69197140941966,333.87737566959504,193.5793734787397,103.20169467185647,1319.5714367905796
2023-12-22,681.2286665410986,273.31759602676505,238.22632101523092,193.18026757466168,107.57396880305627,1493.5268199608124
2023-12-23,394.66729364687114,265.98366238396443,245.1111611616389,219.0747028538091,74.28486762063324,1199.1216876669168
2023-12-24,338.4970282392899,125.21447705113795,301.4515551972083,208.07352514599316,90.91646140703907,1064.1530470406683
2023-12-25,467.62821902222777,164.8178334973359,296.0596732735689,109.8768764343778,69.36671825791333,1107.7493204854238
2023-12-26,449.05676724263583,104.07004198805905,266.8383250391869,152.2908223026459,76.37273964888465,1048.6286962214124
2023-12-27,354.5562082179633,264.5192942200036,318.2224597308332,219.82085552766114,117.32694125068664,1274.4457589471476
2023-12-28,328.9186896165612,254.7653830163841,317.09862083697305,186.05082021888495,83.41808432817601,1170.2515980169794
2023-12-29,607.853479112227,150.04801957359274,201.71866328880947,153.08420547546535,110.86698651901186,1223.5713539691062
2023-12-30,458.08291253920817,214.3491028799871,230.4127557805733,148.55401949539288,110.17189551218127,1161.5706862073428
2023-12-31,546.9748558284787,213.5795332734546,263.32674455154154,208.5291912450256,134.72321168627417,1367.1335365847747
